{
  "env_2026": {
    "mean": 93.3077574215555,
    "median": 93.27936152095,
    "p10": 90.26512153060051,
    "p90": 96.85736872873763,
    "min": 86.96159387938832,
    "max": 98.84878926321348
  },
  "env_2050": {
    "mean": 86.90104792547233,
    "median": 86.95927396950466,
    "p10": 82.20680173952147,
    "p90": 91.74994725077147,
    "min": 76.05470491237135,
    "max": 95.44293508964151
  },
  "env_2075": {
    "mean": 79.04959090933943,
    "median": 79.0843951791606,
    "p10": 73.99595079310043,
    "p90": 84.89156575011545,
    "min": 63.202314471148256,
    "max": 90.94563743110403
  },
  "env_2100": {
    "mean": 71.17989874580817,
    "median": 70.76868166260846,
    "p10": 65.58629742493582,
    "p90": 76.22167332067714,
    "min": 54.37414606316726,
    "max": 86.38079995356033,
    "collapse_prob": 0.0
  },
  "final_countries_mean": 12.78,
  "total_sims": 100,
  "elapsed_seconds": 114.80661487579346
}